{
    "f1": 0.7923076923076924,
    "roc_auc": 0.9316361947794353
}