{
    "f1": 0.7766990291262137,
    "roc_auc": 0.9307809443307236
}