{
    "f1": 0.7958656330749354,
    "roc_auc": 0.9319874163941616
}