{
    "f1": 0.5562700964630225,
    "roc_auc": 0.8311219739292365
}